book_ID,ID,number,title,pages,createdAt,createdBy,modifiedAt,modifiedBy
9852731a-51f5-45cb-992b-568e5aea7663,chap-001,1,Introduction to Family,12,2010-01-10T00:00:00.000Z,r.rao@example.com,2015-02-12T00:00:00.000Z,s.reddy@example.com
9852731a-51f5-45cb-992b-568e5aea7663,chap-002,2,Childhood Memories,45,2010-01-15T00:00:00.000Z,r.rao@example.com,2015-02-15T00:00:00.000Z,s.reddy@example.com
9852731a-51f5-45cb-992b-568e5aea7663,chap-003,3,The Small Things,32,2010-01-20T00:00:00.000Z,r.rao@example.com,2015-02-18T00:00:00.000Z,s.reddy@example.com
98527320-f5db-43a9-a6cc-b66e1e9b9b62,chap-004,1,Swami's Life,20,2006-02-10T00:00:00.000Z,r.rao@example.com,2013-01-12T00:00:00.000Z,s.reddy@example.com
98527320-f5db-43a9-a6cc-b66e1e9b9b62,chap-005,2,Friendship Adventures,35,2006-02-15T00:00:00.000Z,r.rao@example.com,2013-01-15T00:00:00.000Z,s.reddy@example.com
98527320-f5db-43a9-a6cc-b66e1e9b9b62,chap-006,3,School Days,40,2006-02-20T00:00:00.000Z,r.rao@example.com,2013-01-18T00:00:00.000Z,s.reddy@example.com
9852733a-15bb-4b75-96c3-68cff151fab1,chap-007,1,Journey Begins,18,2014-01-10T00:00:00.000Z,r.rao@example.com,2008-02-12T00:00:00.000Z,s.reddy@example.com
9852733a-15bb-4b75-96c3-68cff151fab1,chap-008,2,The Alchemist's Secret,30,2014-01-15T00:00:00.000Z,r.rao@example.com,2008-02-15T00:00:00.000Z,s.reddy@example.com
9852733a-15bb-4b75-96c3-68cff151fab1,chap-009,3,Return Home,28,2014-01-20T00:00:00.000Z,r.rao@example.com,2008-02-18T00:00:00.000Z,s.reddy@example.com
